<?xml version="1.0" encoding="UTF-8"?>
<project-private xmlns="http://www.netbeans.org/ns/project-private/1">
    <editor-bookmarks xmlns="http://www.netbeans.org/ns/editor-bookmarks/2" lastBookmarkId="0"/>
    <open-files xmlns="http://www.netbeans.org/ns/projectui-open-files/2">
        <group>
            <file>file:/C:/Users/julio/OneDrive/Documentos/Docum_Escuela_5to_SEM/Sistemas%20De%20Informacion/U1/Sistema_Nominado_Beta/src/Sistema_Nominado_Beta_Ventanas_Registro/Trabajador_Mantenimiento_registro1.java</file>
            <file>file:/C:/Users/julio/OneDrive/Documentos/Docum_Escuela_5to_SEM/Sistemas%20De%20Informacion/U1/Sistema_Nominado_Beta/src/Sistema_Nominado_Beta_Ventanas_Registro/Calibrador_registro.java</file>
            <file>file:/C:/Users/julio/OneDrive/Documentos/Docum_Escuela_5to_SEM/Sistemas%20De%20Informacion/U1/Sistema_Nominado_Beta/src/Sistema_Nominado_Beta_Ventanas_Registro/Maquinas_Registro.java</file>
            <file>file:/C:/Users/julio/OneDrive/Documentos/Docum_Escuela_5to_SEM/Sistemas%20De%20Informacion/U1/Sistema_Nominado_Beta/src/Sistema_Nominado_Beta_Ventanas_Registro/Ejecutivos_registro.java</file>
            <file>file:/C:/Users/julio/OneDrive/Documentos/Docum_Escuela_5to_SEM/Sistemas%20De%20Informacion/U1/Sistema_Nominado_Beta/src/Sistema_Nominado_Beta_Ventanas_Registro/Operadores_registro.java</file>
        </group>
    </open-files>
</project-private>
